Date,Close,Open,High,Low,Vol.
06-May-26,858.9,836,870.1,830.9,407.74K
05-May-26,836,915,836,836,12.81M
04-May-26,915,915,915,915,5.49M
30-Apr-26,915,870,915,890,6.19M
29-Apr-26,870,820,870,825,6.66M
28-Apr-26,820,820,820,819,6.16M
27-Apr-26,819.3,820,819.3,819.3,5.23M
24-Apr-26,820,819.5,820,818,10.03M
23-Apr-26,819.4,820.5,819.4,819.4,6.48M
22-Apr-26,820.5,820.5,820.5,820.5,2.79M
21-Apr-26,820.5,820.5,820.5,820.5,8.03M
20-Apr-26,820.5,825,821,820,6.65M
17-Apr-26,825,755,825,825,3.38M
16-Apr-26,755,736.9,755,740,2.82M
15-Apr-26,736.9,729,736.9,732.2,5.91M
14-Apr-26,729,745,729,729,2.81M
13-Apr-26,745,745,745,745,5.60M
10-Apr-26,745,745,745,745,3.04M
09-Apr-26,745,745,745,745,2.15M
08-Apr-26,760,760,760,760,3.82M
07-Apr-26,760,760,760,760,3.47M
06-Apr-26,760,760,760,760,2.10M
02-Apr-26,760,760,760,760,2.10M
01-Apr-26,760,760,760,760,1.57M
31-Mar-26,760,718,760,760,12.07M
30-Mar-26,718,718,718,718,2.88M
27-Mar-26,718,719.1,719.5,718,3.77M
26-Mar-26,719.1,718,720,718,15.37M
25-Mar-26,718,701.1,718.2,701.5,5.90M
24-Mar-26,701.1,709,730,701.1,11.36M
23-Mar-26,709,758,741,704,24.59M
18-Mar-26,758,760,759.9,758,9.17M
17-Mar-26,760,798,790,720,12.05M
16-Mar-26,798,779.1,799,795,6.98M
13-Mar-26,779.1,777.9,780,779,8.57M
12-Mar-26,777.9,773,777.9,773,1.82M
11-Mar-26,773,773,773,773,2.06M
10-Mar-26,773,790,773,773,1.98M
09-Mar-26,790,790,790,790,2.43M
06-Mar-26,790,795,790,790,2.54M
05-Mar-26,795,790,795,795,3.88M
04-Mar-26,790,780,819,780,8.84M
03-Mar-26,780,783,780,780,5.45M
02-Mar-26,783,760,783,770,5.48M
27-Feb-26,760,760,760,760,2.73M
26-Feb-26,760,760,760,760,4.19M
25-Feb-26,760,760,760,760,3.84M
24-Feb-26,760,780,760,760,4.63M
23-Feb-26,780,780,780,780,3.25M
20-Feb-26,780,780,780,780,3.18M
19-Feb-26,780,750,780,770,7.17M
18-Feb-26,750,750,750,750,2.72M
17-Feb-26,750,779.7,750,750,6.63M
16-Feb-26,779.7,708.9,779.7,778.8,9.77M
13-Feb-26,708.9,653,708.9,700.2,3.60M
12-Feb-26,653,650,653,650,3.04M
11-Feb-26,650,643,650,650,4.43M
10-Feb-26,643,620,645,640,10.59M
09-Feb-26,620,620.1,620,620,3.98M
06-Feb-26,620.1,610,620.1,617.5,5.74M
05-Feb-26,610,588.5,610,610,1.39M
04-Feb-26,588.5,572,588.5,588.5,1.51M
03-Feb-26,572,572,572,572,1.10M
02-Feb-26,572,572,572,572,1.64M
30-Jan-26,572,572,572,572,1.09M
29-Jan-26,572,572,572,572,1.57M
28-Jan-26,572,580,572,572,2.65M
27-Jan-26,580,580,580,580,1.50M
26-Jan-26,580,580,580,580,1.48M
23-Jan-26,580,580,580,580,1.46M
22-Jan-26,580,580,580,580,823.87K
21-Jan-26,580,580,580,580,1.18M
20-Jan-26,580,580,580,580,1.68M
19-Jan-26,580,580,580,580,1.11M
16-Jan-26,580,580,580,580,1.26M
15-Jan-26,580,605,580,580,2.33M
14-Jan-26,605,605,605,605,2.72M
13-Jan-26,605,550,605,603.5,17.93M
12-Jan-26,550,550,550,550,1.54M
09-Jan-26,550,511,550,550,1.81M
08-Jan-26,511,511,511,511,1.09M
07-Jan-26,511,511,511,511,1.06M
06-Jan-26,511,511,511,511,1.22M
05-Jan-26,511,511,511,511,1.20M
02-Jan-26,511,511,511,511,859.35K
31-Dec-25,511,506.9,511,508.1,3.85M
30-Dec-25,506.9,506.9,506.9,506.9,1.80M
29-Dec-25,506.9,504,506.9,506.9,1.92M
24-Dec-25,504,531.7,504,503,3.24M
23-Dec-25,531.7,531.7,531.7,531.7,2.46M
22-Dec-25,531.7,531.7,531.7,531.7,1.17M
19-Dec-25,531.7,531.7,531.7,531.7,1.34M
18-Dec-25,531.7,531.7,531.7,531.7,787.65K
17-Dec-25,531.7,531.7,531.7,531.7,715.93K
16-Dec-25,531.7,531.7,531.7,531.7,1.59M
15-Dec-25,531.7,531.7,531.7,531.7,1.25M
12-Dec-25,531.7,495.7,531.7,531.7,2.64M
11-Dec-25,495.7,472.5,495.7,495,2.20M
10-Dec-25,472.5,472.5,472.5,472.5,630.81K
09-Dec-25,472.5,472.5,472.5,472.5,1.56M
08-Dec-25,472.5,470.6,472.5,472.5,3.38M
05-Dec-25,470.6,470.6,470.6,470.6,6.15M
04-Dec-25,470.6,470.6,470.6,470.6,1.54M
03-Dec-25,470.6,470.6,470.6,470.6,1.34M
02-Dec-25,470.6,470.6,470.6,470.6,1.41M
01-Dec-25,470.6,470.6,470.6,470.6,1.14M
28-Nov-25,470.6,470,470.6,470.6,2.86M
27-Nov-25,470,465,470,470,3.46M
26-Nov-25,465,465,465,465,3.58M
25-Nov-25,465,465,465,465,4.22M
24-Nov-25,465,465,465,465,925.52K
21-Nov-25,465,470,465,465,3.10M
20-Nov-25,475,475,475,475,1.35M
19-Nov-25,475,475,475,475,684.08K
18-Nov-25,475,475,475,475,1.38M
17-Nov-25,475,475,475,475,883.91K
14-Nov-25,475,472,475,475,1.85M
13-Nov-25,472,472,472,472,3.09M
12-Nov-25,472,472.2,472.2,472,11.44M
11-Nov-25,429.3,477,429.3,429.3,2.06M
10-Nov-25,477,477,477,477,1.02M
07-Nov-25,477,477,477,477,2.37M
06-Nov-25,477,489.2,477,477,1.27M
05-Nov-25,489.2,520.1,489.2,489.2,2.20M
04-Nov-25,520.1,520.1,520.1,520.1,2.28M
03-Nov-25,520.1,520.1,520.1,520.1,1.69M
31-Oct-25,520.1,520.1,520.1,520.1,2.92M
30-Oct-25,520.1,520.1,520.1,520.1,2.74M
29-Oct-25,520.1,520.1,520.1,520.1,1.49M
28-Oct-25,520.1,515,520.1,520.1,2.90M
27-Oct-25,515,515,515,515,2.71M
24-Oct-25,515,510,515,515,2.56M
23-Oct-25,510,500,510,500,2.34M
22-Oct-25,500,480,500,500,2.46M
21-Oct-25,480,480,480,480,2.51M
20-Oct-25,480,474.4,480,480,3.06M
17-Oct-25,474.4,471.3,474.4,474.4,2.45M
16-Oct-25,471.3,471,471.3,471.3,2.25M
15-Oct-25,471,471,471,471,1.01M
14-Oct-25,471,471,471,471,5.35M
13-Oct-25,471,471,471,471,5.69M
10-Oct-25,471,471,471,471,964.68K
09-Oct-25,471,470.9,471,469,10.49M
08-Oct-25,470.9,450,470.9,470.9,1.49M
07-Oct-25,450,440,450,450,1.20M
06-Oct-25,440,425,440,440,691.23K
03-Oct-25,425,425,425,425,776.19K
02-Oct-25,425,423,425,425,1.60M
30-Sep-25,423,423,423,423,676.98K
29-Sep-25,423,420,423,422,2.83M
26-Sep-25,420,415,420,420,4.71M
25-Sep-25,415,414.1,415,414.1,12.08M
24-Sep-25,414.1,435,414.1,414.1,5.15M
23-Sep-25,435,435,435,435,3.87M
22-Sep-25,435,435,435,435,669.14K
19-Sep-25,435,435,435,435,1.21M
18-Sep-25,435,435,435,435,1.02M
17-Sep-25,435,435,435,435,2.23M
16-Sep-25,435,435,435,435,4.08M
15-Sep-25,435,435,435,435,591.88K
12-Sep-25,435,435,435,435,412.74K
11-Sep-25,435,435,435,435,2.03M
10-Sep-25,435,435,435,435,805.36K
09-Sep-25,435,435,435,435,1.96M
08-Sep-25,435,435,435,435,1.56M
04-Sep-25,435,435,435,435,2.17M
03-Sep-25,435,435,435,435,1.55M
02-Sep-25,435,435,435,435,977.59K
01-Sep-25,435,435,435,435,996.66K
29-Aug-25,435,435,435,435,1.01M
28-Aug-25,435,435,435,435,719.14K
27-Aug-25,435,435,435,435,2.23M
26-Aug-25,435,435,435,435,3.54M
25-Aug-25,435,435,435,435,707.31K
22-Aug-25,435,435,435,435,1.79M
21-Aug-25,435,445,435,435,2.78M
20-Aug-25,445,445,445,445,3.02M
19-Aug-25,445,445,445,445,1.04M
18-Aug-25,445,445,445,445,1.65M
15-Aug-25,445,460,445,445,645.95K
14-Aug-25,460,460,460,460,595.52K
13-Aug-25,460,460,460,460,1.53M
12-Aug-25,460,460,460,460,895.25K
11-Aug-25,460,460,460,460,1.37M
08-Aug-25,460,480,460,460,4.24M
07-Aug-25,480,480,480,480,2.48M
06-Aug-25,480,480,480,480,3.82M
05-Aug-25,480,480,480,480,1.90M
04-Aug-25,480,480,480,480,1.50M
01-Aug-25,480,472,480,480,1.49M
31-Jul-25,472,471.1,495,425,5.89M
30-Jul-25,471.1,451.6,471.1,471.1,6.99M
29-Jul-25,451.6,410.6,451.6,450,8.02M
28-Jul-25,410.6,400,410.6,410.2,4.03M
25-Jul-25,400,398,400,398,3.44M
24-Jul-25,395,400,395,395,1.78M
23-Jul-25,400,400,400,400,839.54K
22-Jul-25,400,400,400,400,672.64K
21-Jul-25,400,400,400,400,485.00K
18-Jul-25,400,400,400,400,235.35K
17-Jul-25,400,400,400,400,2.66M
16-Jul-25,400,395,400,400,1.91M
14-Jul-25,395,395,395,395,854.09K
11-Jul-25,395,390,395,395,2.22M
10-Jul-25,390,355,390,364.7,1.74M
09-Jul-25,355,355,355,355,1.61M
08-Jul-25,355,357.5,355,355,7.52M
07-Jul-25,357.5,357.5,357.5,357.5,704.91K
04-Jul-25,357.5,357.5,357.5,357.5,1.58M
03-Jul-25,357.5,357.5,357.5,357.5,571.18K
02-Jul-25,357.5,357.5,357.5,357.5,666.04K
01-Jul-25,357.5,357.5,357.5,357.5,430.13K
30-Jun-25,357.5,357.5,357.5,357.5,498.27K
27-Jun-25,357.5,357.5,357.5,357.5,369.42K
26-Jun-25,357.5,358,357.5,357.5,2.14M
25-Jun-25,358,356.2,358,358,1.07M
24-Jun-25,356.2,352.6,356.2,356.2,2.45M
23-Jun-25,352.6,355.9,352.6,352.6,1.53M
20-Jun-25,355.9,355.9,355.9,355.9,5.33M
19-Jun-25,355.9,350,355.9,355,5.81M
18-Jun-25,350,334,350,340,2.67M
17-Jun-25,334,326,334,334,2.71M
16-Jun-25,326,325,326,325,3.54M
13-Jun-25,325,320,325,325,1.91M
11-Jun-25,320,310,320,320,4.38M
10-Jun-25,310,319.2,310,310,1.40M
05-Jun-25,319.2,290.2,319.2,298,5.62M
04-Jun-25,290.2,290.2,290.2,290.2,1.04M
03-Jun-25,290.2,289,290.2,290.2,2.71M
02-Jun-25,289,280.1,289,289,2.17M
30-May-25,280.1,275,281.1,275,14.03M
29-May-25,275,275,275,275,7.41M
28-May-25,275,270,275,275,17.68M
27-May-25,270,270,270,270,1.02M
26-May-25,270,270,270,270,440.40K
23-May-25,270,275,275,270,15.87M
22-May-25,275,275,275,275,8.59M
21-May-25,275,275,275,275,763.11K
20-May-25,275,275,275,275,3.58M
19-May-25,275,278,275,275,2.03M
16-May-25,278,278,278,278,1.95M
15-May-25,278,278,278,278,12.45M
14-May-25,278,279,279,275,20.22M
13-May-25,279,279,279,279,510.55K
12-May-25,279,284.9,279,279,16.10M
09-May-25,284.9,284.9,284.9,284.9,1.40M
08-May-25,284.9,284.9,284.9,284.9,2.47M
07-May-25,284.9,284.9,284.9,284.9,2.87M
06-May-25,284.9,261,284.9,280,2.44M
05-May-25,261,255,261,257,3.38M
02-May-25,255,250,255,249,6.73M
30-Apr-25,250,240,250,245,14.69M
29-Apr-25,240,255.5,250,240,86.85M
28-Apr-25,255.5,255.5,255.5,255.5,2.21M
25-Apr-25,255.5,245,259.9,248,32.97M
24-Apr-25,245,239,245,243,5.85M
23-Apr-25,239,242,239.3,239,10.04M
22-Apr-25,242,242,242,242,473.94K
17-Apr-25,242,243,242,241.9,6.04M
16-Apr-25,243,243,243,243,897.55K
15-Apr-25,243,243.4,243,240.9,11.30M
14-Apr-25,243.4,235,243.4,243.4,869.96K
11-Apr-25,235,245,235,230,5.99M
10-Apr-25,245,245,245,245,6.02M
09-Apr-25,245,245,245,245,5.17M
08-Apr-25,245,245,245,245,560.14K
07-Apr-25,245,245,245,245,847.02K
04-Apr-25,245,245,245,245,1.48M
03-Apr-25,245,245,245,245,410.05K
02-Apr-25,245,245,245,245,5.86M
28-Mar-25,245,245,245,245,426.42K
27-Mar-25,245,238.4,245,244.5,4.10M
26-Mar-25,238.4,245,238.4,238.4,2.49M
25-Mar-25,245,245,245,245,1.88M
24-Mar-25,245,245,245,245,677.25K
21-Mar-25,245,245,245,245,4.40M
20-Mar-25,245,245,245,245,477.98K
19-Mar-25,245,245,245,245,3.60M
18-Mar-25,245,245,245,245,2.09M
17-Mar-25,245,245,245,245,5.36M
14-Mar-25,245,245,245,245,5.17M
13-Mar-25,245,245,245,245,1.11M
12-Mar-25,245,245,245.8,245,10.96M
11-Mar-25,245,255.8,245,245,1.49M
10-Mar-25,255.8,255.8,255.8,255.8,556.10K
07-Mar-25,255.8,264.2,255.8,247.6,863.12K
06-Mar-25,264.2,264.2,264.2,264.2,399.27K
05-Mar-25,264.2,264.2,264.2,264.2,1.12M
04-Mar-25,264.2,264.2,264.2,264.2,1.29M
03-Mar-25,264.2,264.2,264.2,264.2,1.10M
28-Feb-25,264.2,264.2,264.2,264.2,2.25M
27-Feb-25,264.2,264.2,264.2,264.2,151.78K
26-Feb-25,264.2,264.2,264.2,264.2,273.18K
25-Feb-25,264.2,264.2,264.2,264.2,872.31K
24-Feb-25,264.2,264.2,264.2,264.2,2.01M
21-Feb-25,264.2,264.2,264.2,264.2,405.98K
20-Feb-25,264.2,264.2,264.2,264.2,231.76K
19-Feb-25,264.2,264.2,264.2,264.2,1.33M
18-Feb-25,264.2,264.2,264.2,264.2,1.21M
17-Feb-25,264.2,264.2,264.2,264.2,1.78M
14-Feb-25,264.2,255,264.2,264.2,1.08M
13-Feb-25,255,255,255,255,484.22K
12-Feb-25,255,255,255,255,1.49M
11-Feb-25,255,255,255,255,547.33K
10-Feb-25,255,255,255,255,679.13K
07-Feb-25,255,255,255,255,629.29K
06-Feb-25,255,255,255,255,1.24M
05-Feb-25,255,255,255.5,255,5.46M
04-Feb-25,255,253.1,255,255,1.49M
03-Feb-25,253.1,250,254,251,2.85M
31-Jan-25,250,250,250,250,338.74K
30-Jan-25,250,250,250,250,1.10M
29-Jan-25,250,250,250,250,1.24M
28-Jan-25,250,250,250,250,3.46M
27-Jan-25,250,247.9,250,250,2.07M
24-Jan-25,247.9,245,247.9,247.9,1.53M
23-Jan-25,245,247,246.9,240.1,3.41M
22-Jan-25,247,256.3,247,247,2.14M
21-Jan-25,256.3,233,256.3,256.3,6.52M
20-Jan-25,233,233,233,227,3.73M
17-Jan-25,233,233,233,233,1.12M
16-Jan-25,233,233,233,233,1.92M
15-Jan-25,233,233,233,233,1.49M
14-Jan-25,233,242,233,233,1.46M
13-Jan-25,242,242,242,242,557.37K
10-Jan-25,242,242,242,242,2.28M
09-Jan-25,242,220,242,242,4.81M
08-Jan-25,220,200,220,207,1.91M
07-Jan-25,200,200,200,200,1.15M
06-Jan-25,200,200,204.8,200,1.86M
03-Jan-25,200,200,200,200,1.12M
02-Jan-25,200,200,200,200,793.99K
31-Dec-24,200,207.8,200.9,200,1.80M
30-Dec-24,207.8,194,207.8,207.8,3.13M
27-Dec-24,194,194,194,194,2.13M
24-Dec-24,194,178,194,194,1.58M
23-Dec-24,178,175.5,180,178,3.32M
20-Dec-24,175.5,175.5,175.5,175.5,2.54M
19-Dec-24,175.5,175,175.5,175.5,1.38M
18-Dec-24,175,175,175,175,1.66M
17-Dec-24,175,175,175.1,175,2.95M
16-Dec-24,175,176,175,175,2.74M
13-Dec-24,176,176,176,176,332.15K
12-Dec-24,176,176,176,176,350.14K
11-Dec-24,176,176,176,176,986.09K
10-Dec-24,176,170.1,176,175,24.68M
09-Dec-24,170.1,170.1,170.1,170.1,621.31K
06-Dec-24,170.1,170,170.1,170.1,16.88M
05-Dec-24,170,170,170,170,11.65M
04-Dec-24,170,170,170,170,1.53M
03-Dec-24,170,170,170,170,852.30K
02-Dec-24,170,170,170,170,1.05M
29-Nov-24,170,170,170,170,397.97K
28-Nov-24,170,170,170,170,444.50K
27-Nov-24,170,170,170,170,789.73K
26-Nov-24,170,172,170,170,4.60M
25-Nov-24,172,172,172,172,864.92K
22-Nov-24,172,172,172,172,1.34M
21-Nov-24,172,172,172,172,2.00M
20-Nov-24,172,172,172.3,172,904.11K
19-Nov-24,172,170,172,172,1.12M
18-Nov-24,170,170,170,170,552.39K
15-Nov-24,170,170,170,170,396.88K
14-Nov-24,170,170,170,170,261.55K
13-Nov-24,170,170,170,170,442.79K
12-Nov-24,170,169,170,170,3.51M
11-Nov-24,169,169,169,169,174.95K
08-Nov-24,169,169.7,169,169,1.03M
07-Nov-24,169.7,169.7,169.7,169.7,908.86K
06-Nov-24,169.7,169.7,169.7,169.7,409.16K
05-Nov-24,169.7,170.1,170.5,169.7,1.57M
04-Nov-24,170.1,175,170.1,170.1,965.01K
01-Nov-24,175,175.1,176,175,1.56M
31-Oct-24,175.1,175.1,175.1,175.1,214.22K
30-Oct-24,175.1,184,175.1,175.1,30.76M
29-Oct-24,184,184,184,184,227.65K
28-Oct-24,184,184,184,184,310.69K
25-Oct-24,184,188.5,184,184,526.68K
24-Oct-24,188.5,188.5,188.5,188.5,2.83M
23-Oct-24,188.5,188.5,188.5,188.5,1.41M
22-Oct-24,188.5,188.5,188.5,188.5,308.66K
21-Oct-24,188.5,191,188.5,188.5,903.11K
18-Oct-24,191,191,191,191,459.30K
17-Oct-24,191,191,191,191,1.36M
16-Oct-24,191,191,191,191,210.00K
15-Oct-24,191,191,191,191,303.54K
14-Oct-24,191,191,191,191,153.17K
11-Oct-24,191,190,191,191,1.01M
10-Oct-24,190,190,190,190,387.85K
09-Oct-24,190,190,190,190,344.46K
08-Oct-24,190,191.1,190,190,775.62K
07-Oct-24,191.1,190.3,191.1,191.1,415.19K
04-Oct-24,190.3,190.3,190.3,190.3,145.88K
03-Oct-24,190.3,190,190.3,190.3,617.88K
02-Oct-24,190,191,190,190,1.78M
30-Sep-24,191,191,191,191,346.30K
27-Sep-24,191,191,191,191,185.84K
26-Sep-24,191,199.8,191,191,404.98K
25-Sep-24,199.8,199.8,199.8,199.8,348.58K
24-Sep-24,199.8,199.8,199.8,199.8,540.56K
23-Sep-24,199.8,199.8,199.8,199.8,372.47K
20-Sep-24,199.8,192,199.8,197,2.25M
19-Sep-24,192,192,192,192,690.44K
18-Sep-24,192,192.2,192,192,1.81M
17-Sep-24,192.2,192.2,192.2,192.2,425.67K
13-Sep-24,192.2,192.5,192.2,192.2,1.88M
12-Sep-24,192.5,192.5,192.5,192.5,2.30M
11-Sep-24,192.5,192.5,192.5,192.5,1.33M
10-Sep-24,192.5,179,192.5,180,2.74M
09-Sep-24,179,179,179,179,4.19M
06-Sep-24,179,180,179,179,690.40K
05-Sep-24,180,180,180,180,715.02K
04-Sep-24,180,180,180,180,1.08M
03-Sep-24,180,180,180,180,997.62K
02-Sep-24,180,180,180,180,4.66M
30-Aug-24,180,184,180,180,1.22M
29-Aug-24,184,184,184,184,1.59M
28-Aug-24,184,199.8,187.8,184,1.48M
27-Aug-24,199.8,199.8,199.8,199.8,347.97K
26-Aug-24,199.8,199.8,199.8,199.8,483.50K
23-Aug-24,199.8,199.8,199.8,199.8,1.51M
22-Aug-24,199.8,199.8,199.8,199.8,763.03K
21-Aug-24,199.8,199.8,199.8,199.8,427.91K
20-Aug-24,199.8,199.8,199.8,199.8,552.69K
19-Aug-24,199.8,199.8,199.8,199.8,520.29K
16-Aug-24,199.8,199.8,199.8,199.8,396.12K
15-Aug-24,199.8,199.8,199.8,199.8,403.13K
14-Aug-24,199.8,199.8,199.8,199.8,879.40K
13-Aug-24,199.8,199.8,199.8,199.8,1.08M
12-Aug-24,199.8,199.8,199.8,199.8,566.94K
09-Aug-24,199.8,198,199.8,199.8,1.73M
08-Aug-24,198,180,198,185,1.89M
07-Aug-24,180,179.5,180,180,2.25M
06-Aug-24,179.5,178.7,179.5,179.5,1.73M
05-Aug-24,178.7,190,180,178.7,6.47M
02-Aug-24,190,190,190,171,2.48M
01-Aug-24,190,200,190,190,797.71K
31-Jul-24,200,200,200,180,1.03M
30-Jul-24,200,200,198.9,193,421.35K
29-Jul-24,200,200,200,193,306.67K
26-Jul-24,200,200,200,196,1.21M
25-Jul-24,200,200,200,196.2,263.00K
24-Jul-24,200,200,200,197,422.25K
23-Jul-24,200,200,202.2,197,598.59K
22-Jul-24,200,200,202.1,196.1,1.17M
19-Jul-24,200,196.1,200,199.9,1.48M
18-Jul-24,196.1,196.1,200,194,396.39K
17-Jul-24,196.1,203,196.1,195,2.35M
16-Jul-24,203,203,207,201,394.36K
15-Jul-24,203,200,203.5,203,1.16M
12-Jul-24,200,200,200,200,1.26M
11-Jul-24,200,200,206.5,201,130.66K
10-Jul-24,200,200,207,200.1,374.30K
09-Jul-24,200,200,207.4,200.6,301.07K
08-Jul-24,200,200,203,200,261.72K
05-Jul-24,200,200,208,200,431.12K
04-Jul-24,200,214,200,200,1.53M
03-Jul-24,214,214,209.3,202.1,2.46M
02-Jul-24,214,214,214,200.1,337.04K
01-Jul-24,214,214,214.8,201,418.56K
28-Jun-24,214,200,214,200,4.32M
27-Jun-24,200,214.8,200,200,4.53M
26-Jun-24,214.8,214.8,204.7,195.5,2.18M
25-Jun-24,214.8,214.8,206.9,199,2.99M
24-Jun-24,214.8,214.8,210,200.1,1.03M
21-Jun-24,214.8,214.8,215,202.3,1.86M
20-Jun-24,214.8,214.8,214.9,208.4,1.49M
19-Jun-24,214.8,220.7,214.8,214.8,2.82M
14-Jun-24,220.7,220.7,221.9,212.2,315.65K
13-Jun-24,220.7,220.7,222.9,211.6,274.29K
11-Jun-24,220.7,230,220.7,220.7,266.08K
10-Jun-24,230,230,225,217,140.06K
07-Jun-24,230,230,225,220.1,171.51K
06-Jun-24,230,230,223.9,211.5,574.37K
05-Jun-24,230,230,229,215,1.29M
04-Jun-24,230,230,230,216.4,608.03K
03-Jun-24,230,230,230,230,1.73M
31-May-24,230,230.5,230,230,2.92M
30-May-24,230.5,230.5,228,223.1,543.31K
29-May-24,230.5,230.5,227.6,221.8,161.78K
28-May-24,230.5,230.5,232.6,223,193.76K
27-May-24,230.5,230.5,232.4,223,437.74K
24-May-24,230.5,230.5,233.6,223,277.64K
23-May-24,230.5,230.5,230.5,230.5,1.86M
22-May-24,230.5,230.5,234.9,220.2,78.49K
21-May-24,230.5,230,230.5,230,2.20M
20-May-24,230,224,230,230,2.09M
17-May-24,224,224,229.2,220.2,3.14M
16-May-24,224,224,226,220.1,787.42K
15-May-24,224,220,224,224,3.74M
14-May-24,220,220,220,220,1.37M
13-May-24,220,220,225.3,201,873.07K
10-May-24,220,220,220,220,2.38M
09-May-24,220,220,220,220,3.43M
08-May-24,220,215,220,215,11.87M
07-May-24,215,215.5,215,214,1.53M
06-May-24,215.5,215,215.5,215,1.90M
03-May-24,215,210,215,215,933.85K
02-May-24,210,210,219.8,213.1,149.75K
30-Apr-24,210,202,210,208,1.31M
29-Apr-24,202,202,210,206.1,404.96K
26-Apr-24,202,202,219.9,204.4,615.11K
25-Apr-24,202,201.6,202,200,5.17M
24-Apr-24,201.6,224,201.6,201.6,2.78M
23-Apr-24,224,224,207.9,201.6,552.24K
22-Apr-24,224,224,214.9,203.2,227.61K
19-Apr-24,224,224,220.7,205.1,246.77K
18-Apr-24,224,224,223,215.1,206.60K
17-Apr-24,224,224,223,206,1.16M
16-Apr-24,224,227,225,224,3.98M
15-Apr-24,227,227,227,227,5.16M
12-Apr-24,227,227,227,227,9.35M
08-Apr-24,227,227,227,227,3.98M
05-Apr-24,227,229,230,227,5.74M
04-Apr-24,229,232,229,229,1.84M
03-Apr-24,232,232,232,225,1.31M
02-Apr-24,232,232,235,220,203.03K
28-Mar-24,232,229.9,232,229.9,3.21M
27-Mar-24,229.9,231,231,229.9,2.63M
26-Mar-24,231,235,231,230,5.25M
25-Mar-24,235,235,238,235,11.06M
22-Mar-24,235,235,235,235,1.49M
21-Mar-24,235,240,235,235,728.42K
20-Mar-24,240,240,240,230.1,381.59K
19-Mar-24,240,247.5,240,240,2.84M
18-Mar-24,247.5,267.8,248,247.5,1.61M
15-Mar-24,267.8,248,267.8,267.8,2.04M
14-Mar-24,248,249,249,248,3.21M
13-Mar-24,249,243.5,249,248.6,2.90M
12-Mar-24,243.5,221.4,243.5,230,1.72M
11-Mar-24,221.4,221.4,243.3,223,1.68M
08-Mar-24,221.4,201.3,221.4,201.3,5.87M
07-Mar-24,201.3,183,201.3,185,2.02M
06-Mar-24,183,183,196.9,184.1,1.01M
05-Mar-24,183,185,183,175,5.00M
04-Mar-24,185,200.7,185,185,4.60M
01-Mar-24,200.7,222.9,200.7,200.7,1.68M
29-Feb-24,222.9,222.9,220.9,200.7,1.04M
28-Feb-24,222.9,222.9,208.5,200.7,1.23M
27-Feb-24,222.9,247.5,222.9,222.9,1.42M
26-Feb-24,247.5,247.5,233,222.8,1.13M
23-Feb-24,247.5,247.5,234.9,222.8,1.12M
22-Feb-24,247.5,247.5,234.7,222.8,1.16M
21-Feb-24,247.5,247.5,228.9,222.8,1.31M
20-Feb-24,247.5,247.5,244,222.8,810.32K
19-Feb-24,247.5,275,247.5,247.5,299.74K
16-Feb-24,275,275,250,247.5,1.19M
15-Feb-24,275,275,250,247.5,1.25M
14-Feb-24,275,275,249.5,247.5,997.55K
13-Feb-24,275,275,252,248.7,1.20M
12-Feb-24,275,275,260,247.5,1.33M
09-Feb-24,275,275,265,248.1,281.97K
08-Feb-24,275,275,275,247.5,535.84K
07-Feb-24,275,275,275,268.6,276.88K
06-Feb-24,275,274,275,275,2.43M
05-Feb-24,274,290,274,274,1.77M
02-Feb-24,290,275,290,290,904.44K
01-Feb-24,275,281,275,275,1.80M
31-Jan-24,281,293.9,319.8,281,10.73M
30-Jan-24,293.9,293.9,292,271.1,1.78M
29-Jan-24,293.9,293.9,292,286,792.31K
26-Jan-24,293.9,293.9,292.4,286.1,884.98K
25-Jan-24,293.9,293.9,291.7,286,1.63M
24-Jan-24,293.9,293.9,292.9,285.3,885.78K
23-Jan-24,293.9,290,293.9,290,3.04M
22-Jan-24,290,290.1,290,290,6.08M
19-Jan-24,290.1,288.1,290.1,290,2.51M
18-Jan-24,288.1,288,288.1,288.1,1.66M
17-Jan-24,288,288,288,288,1.67M
16-Jan-24,288,283,288.5,286,1.59M
15-Jan-24,283,283,288.5,275.1,2.83M
12-Jan-24,283,283,287.9,280.1,382.85K
11-Jan-24,283,282,283,281.3,3.41M
10-Jan-24,282,295,285,282,3.50M
09-Jan-24,295,285,295,295,2.28M
08-Jan-24,285,285,285,283,4.02M
05-Jan-24,285,271.5,285,285,804.52K
04-Jan-24,271.5,264,271.5,271.5,1.37M
03-Jan-24,264,264,280,264,441.14K
02-Jan-24,264,264,274,263,564.33K
29-Dec-23,264,262.5,264,264,675.81K
28-Dec-23,262.5,251,262.5,255,3.10M
27-Dec-23,251,250,251,251,680.40K
22-Dec-23,250,259.8,250,250,2.20M
21-Dec-23,259.8,246.5,259.8,259.8,819.10K
20-Dec-23,246.5,246.5,249.5,247,925.74K
19-Dec-23,246.5,245,246.5,246.5,2.36M
18-Dec-23,245,245,245,245,2.42M
15-Dec-23,245,245,250,245,1.52M
14-Dec-23,245,245,250,245,839.83K
13-Dec-23,245,245,248,240,763.93K
12-Dec-23,245,240,245,240,1.55M
11-Dec-23,240,238.6,240,240,1.07M
08-Dec-23,238.6,238.6,241,238.6,326.07K
07-Dec-23,238.6,238.6,243,238,480.43K
06-Dec-23,238.6,238,238.6,238.5,3.93M
05-Dec-23,238,238,238,238,5.58M
04-Dec-23,238,238,240.5,238,439.95K
01-Dec-23,238,238,241.8,238.1,404.97K
30-Nov-23,238,238,238,238,5.44M
29-Nov-23,238,238,238,238,2.90M
28-Nov-23,238,238,239,236,651.04K
27-Nov-23,238,238,238,238,1.38M
24-Nov-23,238,238,238,238,1.72M
23-Nov-23,238,238,238,238,1.13M
22-Nov-23,238,239.5,238,238,11.80M
21-Nov-23,239.5,239.5,240,238,456.66K
20-Nov-23,239.5,239.5,242,239.2,361.67K
17-Nov-23,239.5,241,239.5,239.5,3.27M
16-Nov-23,241,240.5,241,241,655.89K
15-Nov-23,240.5,240,240.7,240,2.07M
14-Nov-23,240,240,242.9,240,1.03M
13-Nov-23,240,234,240,240,9.37M
10-Nov-23,234,234,239.7,235,236.80K
09-Nov-23,234,234,237,234,567.40K
08-Nov-23,234,234,239.8,234,811.14K
07-Nov-23,234,234,241.9,235.1,462.49K
06-Nov-23,234,234,242,234,472.05K
03-Nov-23,234,240,234,234,8.79M
02-Nov-23,240,246,240,240,2.88M
01-Nov-23,246,246,244,230.3,1.35M
31-Oct-23,246,246,246,240.1,2.07M
30-Oct-23,246,246.5,248,246,4.49M
27-Oct-23,246.5,249,246.5,246.5,440.30K
26-Oct-23,249,250,249,249,405.39K
25-Oct-23,250,250,250,248.1,434.47K
24-Oct-23,250,250,250,250,955.88K
23-Oct-23,249.5,249.5,250,249.5,293.05K
20-Oct-23,249.5,249.5,250,249.5,450.04K
19-Oct-23,249.5,250,249.5,249.5,1.59M
18-Oct-23,250,250,251,249.5,540.52K
17-Oct-23,250,250,252,249.5,619.89K
16-Oct-23,250,250,252,249.5,488.09K
13-Oct-23,250,250,250,249.5,224.88K
12-Oct-23,250,250,251,249.5,433.83K
11-Oct-23,250,250,250,250,1.00M
10-Oct-23,250,250,259,249.1,342.86K
09-Oct-23,250,250,259.9,248.5,747.20K
06-Oct-23,250,250,254,246.1,1.30M
05-Oct-23,250,250,255,245,395.22K
04-Oct-23,250,260,250,250,1.27M
03-Oct-23,260,264,260,260,490.73K
29-Sep-23,264,264.5,264,260,2.95M
28-Sep-23,264.5,264.5,268.9,260.3,730.16K
26-Sep-23,264.5,264.5,268,260.1,261.27K
25-Sep-23,264.5,269,264.5,264.5,2.28M
22-Sep-23,269,269,270,266.3,334.76K
21-Sep-23,269,270.1,269,269,2.69M
20-Sep-23,270.1,270.1,270,265,417.40K
19-Sep-23,270.1,270.1,270,265.2,234.59K
18-Sep-23,270.1,270.1,272.8,268.1,481.94K
15-Sep-23,270.1,270,270.1,270.1,766.39K
14-Sep-23,270,270,270,270,2.50M
13-Sep-23,270,270,270,270,3.19M
12-Sep-23,270,274.2,270,270,822.51K
11-Sep-23,274.2,274.2,274.5,268,690.16K
08-Sep-23,274.2,274.5,274.4,274.2,969.81K
07-Sep-23,274.5,274.5,274.5,274.5,684.82K
06-Sep-23,274.5,274.5,274.5,271.6,370.85K
05-Sep-23,274.5,274.4,274.5,274.5,1.44M
04-Sep-23,274.4,274.4,275,273.5,1.53M
01-Sep-23,274.4,274.5,274.4,274.4,661.37K
31-Aug-23,274.5,274.5,274.7,272,1.22M
30-Aug-23,274.5,274.5,274.8,272,506.11K
29-Aug-23,274.5,274.5,274.8,271,712.33K
28-Aug-23,274.5,274.5,274.5,274.5,820.04K
25-Aug-23,274.5,274.5,275,270,395.60K
24-Aug-23,274.5,275,290,274.5,21.34M
23-Aug-23,275,275,276,270.5,2.47M
22-Aug-23,275,275,276,275,2.88M
21-Aug-23,275,275,275.2,275,5.25M
18-Aug-23,275,274.4,275,273,1.08M
17-Aug-23,274.4,274.4,299,265.1,889.81K
16-Aug-23,280,280,280,280,3.95M
15-Aug-23,280,279.9,280,280,3.48M
14-Aug-23,279.9,279.9,282,279,628.48K
11-Aug-23,279.9,277,279.9,279.9,658.58K
10-Aug-23,277,276,277,277,1.87M
09-Aug-23,276,280,276,276,1.69M
08-Aug-23,280,280,279,275,1.22M
07-Aug-23,280,277,280,279,2.01M
04-Aug-23,277,280,277,272.2,4.96M
03-Aug-23,280,263,280,272,1.13M
02-Aug-23,263,263,282,262,416.27K
01-Aug-23,263,262,263,263,3.61M
31-Jul-23,262,272,262,262,3.79M
28-Jul-23,272,275.1,272,272,434.40K
27-Jul-23,275.1,275.1,279.9,274,639.58K
26-Jul-23,275.1,284.9,275.1,274,1.44M
25-Jul-23,284.9,270,284.9,284.9,2.55M
24-Jul-23,270,270,273.5,268,414.94K
21-Jul-23,270,270,273,268,457.16K
20-Jul-23,270,270,270,270,1.47M
19-Jul-23,270,265.1,270,270,539.21K
18-Jul-23,265.1,265.1,269,258.4,1.58M
17-Jul-23,265.1,265.1,265.1,251,1.43M
14-Jul-23,265.1,265.1,270,250.9,1.31M
13-Jul-23,265.1,278,270,265.1,2.01M
12-Jul-23,278,278,279,260.2,1.62M
11-Jul-23,278,280,285,278,1.43M
10-Jul-23,280,275,280,279,11.98M
07-Jul-23,275,274,275,275,1.28M
06-Jul-23,274,274,274,274,1.77M
05-Jul-23,274,273,274,274,893.16K
04-Jul-23,273,278,273,273,1.37M
03-Jul-23,278,273.4,278,278,1.08M
30-Jun-23,273.4,267.2,273.4,273.4,791.88K
27-Jun-23,267.2,260,267.2,260,5.21M
26-Jun-23,260,265.5,264.9,260,1.47M
23-Jun-23,265.5,265.5,266,263.1,2.33M
22-Jun-23,265.5,265,265.5,265,3.27M
21-Jun-23,265,265,265,265,1.36M
20-Jun-23,265,265,265,265,3.36M
19-Jun-23,265,274,270,265,2.71M
16-Jun-23,274,274,274,256,2.10M
15-Jun-23,274,284.9,274,274,2.37M
14-Jun-23,284.9,259,284.9,269.9,3.40M
13-Jun-23,259,250,260,257,4.98M
09-Jun-23,250,250,250,250,2.18M
08-Jun-23,250,249.9,250,246.6,4.84M
07-Jun-23,249.9,249.9,249.2,245,865.75K
06-Jun-23,249.9,249.9,249.7,241.1,610.47K
05-Jun-23,249.9,249.9,248,241.5,550.16K
02-Jun-23,249.9,249.9,249,242,446.83K
01-Jun-23,249.9,251,249.9,249.9,1.04M
31-May-23,251,250,251,250,3.44M
30-May-23,250,232.5,253,234,3.62M
26-May-23,232.5,231.2,232.5,231.8,6.68M
25-May-23,231.2,231,231.2,231.2,1.28M
24-May-23,231,231,231,231,1.89M
23-May-23,231,231,231,231,2.17M
22-May-23,231,229,233,229,1.85M
19-May-23,229,229,229,229,2.46M
18-May-23,229,229,229,229,1.62M
17-May-23,229,229,229,229,6.10M
16-May-23,229,229,229.9,228.9,2.69M
15-May-23,229,229,229,229,576.24K
12-May-23,229,229,229,229,1.36M
11-May-23,229,229,230,228.9,493.91K
10-May-23,229,228.9,230,229,1.12M
09-May-23,228.9,228.9,229.9,228.1,882.23K
08-May-23,228.9,228.9,228.9,228.9,1.01M
05-May-23,228.9,229,229,228.9,1.56M
04-May-23,229,228.5,229,229,1.25M
03-May-23,228.5,230,228.5,228.5,682.00K
02-May-23,230,228.7,230,229,3.84M
28-Apr-23,228.7,230,228.7,228.5,2.40M
27-Apr-23,230,230,229.8,226,305.23K
26-Apr-23,230,229,230,229.5,1.94M
25-Apr-23,229,224,229,224,1.42M
20-Apr-23,224,224,224,224,1.75M
19-Apr-23,224,224,226,220,703.95K
18-Apr-23,224,224,224,224,2.16M
17-Apr-23,224,240,224,224,587.32K
14-Apr-23,240,240,229.7,218,346.35K
13-Apr-23,240,240,225,218.1,169.27K
12-Apr-23,240,240,223,217,735.05K
11-Apr-23,240,240,226.9,218,510.49K
06-Apr-23,240,240,228,220,176.68K
05-Apr-23,240,240,227.8,217,260.56K
04-Apr-23,240,240,238,220.3,663.73K
03-Apr-23,240,240,239,220,278.96K
31-Mar-23,240,240,240,230,808.58K
30-Mar-23,240,220.4,240,223.1,977.76K
29-Mar-23,220.4,223,220.4,220.4,2.49M
28-Mar-23,223,223,230,205,835.55K
27-Mar-23,233,236,234,232.8,8.26M
24-Mar-23,236,236,235.9,233.5,4.19M
23-Mar-23,236,236,236,236,1.57M
22-Mar-23,236,236,239.9,231.5,215.23K
21-Mar-23,236,236,237,230,421.62K
20-Mar-23,236,236,239.9,230.1,200.84K
17-Mar-23,236,236,238,230,429.29K
16-Mar-23,236,248.3,236,236,904.29K
15-Mar-23,248.3,248.3,248.3,234,473.31K
14-Mar-23,248.3,248.3,249,246,1.15M
13-Mar-23,248.3,248.3,249,248,462.73K
10-Mar-23,248.3,248.3,249,246.1,182.58K
09-Mar-23,248.3,249.5,248.3,246,982.91K
08-Mar-23,249.5,248,249.5,249.5,598.91K
07-Mar-23,248,248,248,245,360.67K
06-Mar-23,248,245,248,248,680.66K
03-Mar-23,245,245,246.9,231,395.95K
02-Mar-23,245,245,250,240,143.74K
01-Mar-23,245,245,250,248.7,489.50K
28-Feb-23,245,245,255,248.5,378.12K
27-Feb-23,245,245,250,245,289.92K
24-Feb-23,245,245.5,245,245,1.65M
23-Feb-23,245.5,245.5,245.5,241.2,537.86K
22-Feb-23,245.5,245.5,245.5,239,1.23M
21-Feb-23,245.5,245.5,245.3,238.5,2.03M
20-Feb-23,245.5,245.5,245.5,240.5,398.45K
17-Feb-23,245.5,245.5,244.3,240.3,1.73M
16-Feb-23,245.5,245.5,244.9,240,318.97K
15-Feb-23,245.5,245.5,246,240,1.35M
14-Feb-23,245.5,241.9,247,245.5,1.07M
13-Feb-23,241.9,241.9,250,242.2,565.55K
10-Feb-23,241.9,243.9,241.9,241.9,2.85M
09-Feb-23,243.9,243.9,244,239.6,465.84K
08-Feb-23,243.9,243.9,245,236,755.37K
07-Feb-23,243.9,242,243.9,243.9,1.98M
06-Feb-23,242,237.9,242,242,917.81K
03-Feb-23,237.9,233.5,237.9,237.9,810.88K
02-Feb-23,233.5,225,233.5,233.5,499.63K
01-Feb-23,225,225,234.9,230,549.16K
31-Jan-23,225,225,230.9,227,394.12K
30-Jan-23,225,225,230,225,399.42K
27-Jan-23,225,229,225,215,1.82M
26-Jan-23,229,229,230.6,226,251.71K
25-Jan-23,229,230,229,226,2.28M
24-Jan-23,230,230,230.5,226,441.68K
23-Jan-23,230,229.9,230,230,1.43M
20-Jan-23,229.9,229.9,234.8,230,501.63K
19-Jan-23,229.9,229.9,234,230,882.97K
18-Jan-23,229.9,229.9,234,228,964.69K
17-Jan-23,229.9,229.9,234,220,711.95K
16-Jan-23,229.9,229.9,238.5,228,535.88K
13-Jan-23,229.9,220,229.9,225,1.57M
12-Jan-23,220,215,220,219,5.25M
11-Jan-23,215,215,219,215,561.31K
10-Jan-23,215,215,219.5,215,500.45K
09-Jan-23,215,215,215,215,824.66K
06-Jan-23,215,215,215,215,344.01K
05-Jan-23,215,215,216.5,215,379.63K
04-Jan-23,215,215,215,215,772.00K
03-Jan-23,215,215,218,211.5,497.34K
30-Dec-22,215,215,219,215,354.38K
29-Dec-22,215,214,215,214.5,895.04K
28-Dec-22,214,214,214,214,707.66K
23-Dec-22,214,214,215,214,8.17M
22-Dec-22,214,214,214.4,211.5,474.55K
21-Dec-22,214,214,214,214,3.67M
20-Dec-22,214,214,213.4,205.8,343.44K
19-Dec-22,214,214,215,205.1,631.11K
16-Dec-22,214,214,215,212,292.44K
15-Dec-22,214,208,214,210,1.35M
14-Dec-22,208,208,210,200.3,963.88K
13-Dec-22,208,215,209,208,12.45M
12-Dec-22,215,215,215,215,923.04K
09-Dec-22,215,215,215,215,1.88M
08-Dec-22,215,220,215,210,5.57M
07-Dec-22,220,220,213.4,207.1,301.66K
06-Dec-22,220,220,215,205.2,808.23K
05-Dec-22,220,220,215,210.3,926.69K
02-Dec-22,220,215,220,220,14.51M
01-Dec-22,215,218.5,215,213.5,4.14M
30-Nov-22,218.5,210.5,218.5,218.5,454.61K
29-Nov-22,210.5,210,210.5,210,1.69M
28-Nov-22,210,210,214,197,157.91K
25-Nov-22,210,200,210,200,16.42M
24-Nov-22,200,200,200,198,332.51K
23-Nov-22,200,200,206,198,194.44K
22-Nov-22,200,197,200,200,12.00M
21-Nov-22,197,197,206,196.6,257.76K
18-Nov-22,197,188,197,197,1.18M
17-Nov-22,188,188,194,190,106.86K
16-Nov-22,188,187.4,188,188,2.21M
15-Nov-22,187.4,187.4,204.8,188,175.55K
14-Nov-22,187.4,192,187.4,187.4,4.08M
11-Nov-22,192,192,190.2,187.4,225.06K
10-Nov-22,192,192,190.2,186.5,211.84K
09-Nov-22,192,192,190.1,186,348.58K
08-Nov-22,192,196,192,192,348.58K
07-Nov-22,196,196,196,192,266.60K
04-Nov-22,196,196,197.3,192.1,1.75M
03-Nov-22,196,196,197,195,649.75K
02-Nov-22,196,196.9,196,196,1.22M
01-Nov-22,196.9,196.9,197,194.5,462.60K
31-Oct-22,196.9,197,196.9,192,4.46M
28-Oct-22,197,197.1,198,192,9.12M
27-Oct-22,197.1,197,197.1,197,1.73M
26-Oct-22,197,197,197,197,3.03M
25-Oct-22,197,197.5,197,192,4.40M
24-Oct-22,197.5,195,197.5,197.5,304.45K
21-Oct-22,195,195,200,195,114.32K
20-Oct-22,195,195,195,195,3.51M
19-Oct-22,195,199,196.6,195,3.64M
18-Oct-22,199,199,197,192,238.46K
17-Oct-22,199,199,199,193.6,359.68K
14-Oct-22,199,199,199,199,6.09M
13-Oct-22,199,199,200,195,1.23M
12-Oct-22,199,199,199,190.6,495.34K
11-Oct-22,199,199,199,193.5,252.90K
07-Oct-22,199,197.4,199,199,1.68M
06-Oct-22,197.4,199.8,197.4,197.4,1.07M
05-Oct-22,199.8,199.8,197,185.4,542.79K
04-Oct-22,199.8,199.8,198.9,190,1.02M
30-Sep-22,199.8,200,199.8,199.8,486.56K
29-Sep-22,200,200,199.9,195,369.32K
28-Sep-22,200,200,200,200,781.83K
27-Sep-22,200,200,201.9,190,804.40K
26-Sep-22,200,200.1,200,200,378.02K
23-Sep-22,200.1,199.9,200.1,200,6.45M
22-Sep-22,199.9,199.9,200,197,732.87K
21-Sep-22,199.9,199.9,200,195,169.01K
20-Sep-22,199.9,200,199.9,199.9,4.30M
19-Sep-22,200,200,201,199,275.21K
16-Sep-22,200,200,201,199.5,666.98K
15-Sep-22,200,200,201,199.5,383.43K
14-Sep-22,200,200,200.5,199.8,341.55K
13-Sep-22,200,200,201,199.8,890.15K
12-Sep-22,200,200,201.9,199.8,614.92K
09-Sep-22,200,200,200,200,1.45M
08-Sep-22,200,200,200,200,3.46M
07-Sep-22,200,200,200.1,200,2.48M
06-Sep-22,200,200,200,200,3.28M
05-Sep-22,200,200,200,200,1.26M
02-Sep-22,200,199,200,199,6.05M
01-Sep-22,199,199,199,199,901.42K
31-Aug-22,199,199,199.8,199,4.37M
30-Aug-22,199,200,200,199,7.27M
29-Aug-22,200,200,200,199.9,825.57K
26-Aug-22,200,200,200,200,1.32M
25-Aug-22,200,200,200,200,2.53M
24-Aug-22,200,200,200,200,3.63M
23-Aug-22,200,196,200,200,2.00M
22-Aug-22,196,196,204.7,196.5,1.03M
19-Aug-22,196,194.4,196,196,723.93K
18-Aug-22,200,201,200.1,200,2.78M
17-Aug-22,201,201,207.6,202.3,435.79K
16-Aug-22,201,201,207.8,201,264.90K
15-Aug-22,201,200,201,201,661.14K
12-Aug-22,200,200,208,200.1,602.01K
11-Aug-22,200,201,205,200,6.07M
10-Aug-22,201,201,208,204,1.00M
09-Aug-22,201,210,201,201,1.48M
08-Aug-22,210,214.9,210,210,925.12K
05-Aug-22,214.9,214.9,214.9,210,812.37K
04-Aug-22,214.9,214.8,214.9,214.9,1.89M
03-Aug-22,214.8,215,215,214.7,10.41M
02-Aug-22,215,200.1,215,214.5,3.07M
01-Aug-22,200.1,200.1,213.9,200.3,1.23M
29-Jul-22,200.1,190,200.1,200,1.24M
28-Jul-22,190,190,190,185,10.82M
27-Jul-22,190,192.5,190,190,5.97M
26-Jul-22,192.5,213,205.2,192.5,2.96M
25-Jul-22,213,229,218.1,213,1.18M
22-Jul-22,229,229,226.6,211.3,630.83K
21-Jul-22,229,229,234.1,215,801.63K
20-Jul-22,229,229,234,221,494.21K
19-Jul-22,229,230,230.4,229,3.82M
18-Jul-22,230,230.3,234.5,230,3.73M
15-Jul-22,230.3,230.3,230.3,230,6.64M
14-Jul-22,230.3,230.3,230,228.5,337.15K
13-Jul-22,230.3,230.3,230.3,228,423.39K
08-Jul-22,230.3,230.3,230.3,226.1,287.32K
07-Jul-22,230.3,230.3,230.3,226.1,118.96K
06-Jul-22,230.3,230.3,232.8,225.5,362.23K
05-Jul-22,230.3,230.3,233,229,643.20K
04-Jul-22,230.3,230,230.5,230,3.47M
01-Jul-22,230,230,234.6,230,178.62K
30-Jun-22,230,230,234.6,230,5.95M
29-Jun-22,230,230.2,230,230,1.03M
28-Jun-22,230.2,235,230.2,230,42.90M
27-Jun-22,235,230.1,235,235,993.48K
24-Jun-22,230.1,229.5,230.1,230,1.04M
23-Jun-22,229.5,221,229.5,229.5,1.63M
22-Jun-22,221,219,221,219,2.58M
21-Jun-22,219,221,219,219,1.08M
20-Jun-22,221,221,220.9,215,918.99K
17-Jun-22,221,234.2,225.5,221,1.32M
16-Jun-22,234.2,234.2,234.2,226,1.41M
15-Jun-22,234.2,239.9,234.2,234.2,1.40M
14-Jun-22,239.9,239.9,240,238,480.67K
10-Jun-22,239.9,240,240,239.9,958.90K
09-Jun-22,240,240,240,240,1.22M
08-Jun-22,240,240,241.5,235,517.53K
07-Jun-22,240,234.5,240,240,653.61K
06-Jun-22,234.5,230,234.5,234.5,320.99K
03-Jun-22,230,230,230,230,1.78M
02-Jun-22,230,230,236,225.6,1.58M
01-Jun-22,230,230,230,230,1.95M
31-May-22,230,230,231,230,7.14M
30-May-22,230,237,231,230,2.28M
27-May-22,237,240,237,237,1.74M
26-May-22,240,230,240,240,7.84M
25-May-22,230,230,244,220,406.10K
24-May-22,230,249,240,230,2.42M
23-May-22,249,249,249,249,1.81M
20-May-22,249,270,249,249,1.85M
19-May-22,270,255.5,270,250,20.60M
18-May-22,255.5,255.5,255.4,240,3.06M
17-May-22,255.5,260,258.5,255.5,2.44M
16-May-22,260,261.6,260,260,2.75M
13-May-22,261.6,261.6,261.6,256,632.90K
12-May-22,261.6,262.1,261.6,261.6,1.91M
11-May-22,262.1,240,264,260.1,4.92M
10-May-22,240,249,240,240,2.48M
09-May-22,249,227.5,250.2,249,2.68M
06-May-22,227.5,227.5,250.2,230.5,1.67M
05-May-22,227.5,214.5,227.5,227.5,5.85M
04-May-22,214.5,214.5,217,214.9,1.01M
29-Apr-22,214.5,214,214.5,214.5,3.31M
28-Apr-22,214,212,216.3,212,2.67M
27-Apr-22,212,212,218,212,338.16K
26-Apr-22,212,213,213,212,12.81M
25-Apr-22,213,213,220,213,149.50K
22-Apr-22,213,213,213,213,1.59M
21-Apr-22,213,213,220,211.7,1.88M
20-Apr-22,213,213,213,213,2.95M
19-Apr-22,213,213,213,213,22.15M
14-Apr-22,213,213,214,213,2.51M
13-Apr-22,213,211.1,213,212,22.75M
12-Apr-22,211.1,208.5,211.1,211.1,1.71M
11-Apr-22,208.5,206,208.5,206.5,5.00M
08-Apr-22,206,206,210,205,681.83K
07-Apr-22,206,203.4,206,206,863.33K
06-Apr-22,212,212,212,212,1.79M
05-Apr-22,212,212,214,207,1.26M
04-Apr-22,212,214,213.9,212,1.24M
01-Apr-22,214,214,214,214,1.52M
31-Mar-22,214,210,214,214,903.83K
30-Mar-22,210,207,210,208.3,1.28M
29-Mar-22,207,207,214,208,192.73K
28-Mar-22,207,204,207,207,1.10M
25-Mar-22,204,204,208.9,204,735.17K
24-Mar-22,204,205.5,204,204,744.72K
23-Mar-22,205.5,205.5,205.5,205.5,2.67M
22-Mar-22,205.5,205.5,205.5,205.5,836.54K
21-Mar-22,205.5,205.5,206.4,204.1,685.52K
18-Mar-22,205.5,205,205.5,205.5,1.02M
17-Mar-22,205,205,205,205,4.69M
16-Mar-22,205,204.5,205,205,2.24M
15-Mar-22,204.5,205,204.5,204.5,476.22K
14-Mar-22,205,206,205,205,5.83M
11-Mar-22,206,206,206,203,3.21M
10-Mar-22,206,204,206,206,8.85M
09-Mar-22,204,204,209.8,204,371.35K
08-Mar-22,204,203.5,205,204,2.08M
07-Mar-22,203.5,203.5,203.5,203.5,1.88M
04-Mar-22,203.5,204,203.5,203.5,1.44M
03-Mar-22,204,203,205,202,22.74M
02-Mar-22,203,203,205,202,341.64K
01-Mar-22,203,201,205,203,22.25M
28-Feb-22,201,201,201,201,1.07M
25-Feb-22,201,200,202.5,201,2.16M
24-Feb-22,200,200,200,200,2.94M
23-Feb-22,200,199.8,200,200,1.05M
22-Feb-22,199.8,199.8,199.8,199.7,1.25M
21-Feb-22,199.8,199.5,199.8,199.5,2.28M
18-Feb-22,199.5,199.8,199.5,199.5,3.52M
17-Feb-22,199.8,200,200,199.8,3.89M
16-Feb-22,200,199,200,200,21.70M
15-Feb-22,199,198.5,199,199,1.76M
14-Feb-22,198.5,198,198.5,198,8.44M
11-Feb-22,198,197,198,196,2.11M
10-Feb-22,197,197,197,196.5,672.46K
09-Feb-22,197,197,197,196.9,4.40M
08-Feb-22,197,199,197,197,2.91M
07-Feb-22,199,200.3,199,199,1.74M
04-Feb-22,200.3,200,200.3,200.3,728.18K
03-Feb-22,200,200,200,200,1.28M
02-Feb-22,200,202.5,201,200,4.32M
01-Feb-22,202.5,197.5,202.5,202.5,1.46M
31-Jan-22,197.5,190,197.5,197.5,378.04K
28-Jan-22,190,190,190,190,6.81M
27-Jan-22,190,190,190,190,1.73M
26-Jan-22,190,190,190,190,5.24M
25-Jan-22,190,190,190,190,2.31M
24-Jan-22,190,190,194,190.3,117.50K
21-Jan-22,190,190,194,190.2,63.68K
20-Jan-22,190,190,195,190.3,339.70K
19-Jan-22,190,190,194.9,190,131.32K
18-Jan-22,190,190,194.9,188.2,154.39K
17-Jan-22,190,190,190,190,961.47K
14-Jan-22,190,190,190,190,3.63M
13-Jan-22,190,190,190,190,3.11M
12-Jan-22,190,186,190,186,2.57M
11-Jan-22,186,185.5,186,186,348.39K
10-Jan-22,185.5,197,186,185.2,1.77M
07-Jan-22,197,197,189,182,667.12K
06-Jan-22,197,197,188.8,182.8,413.79K
05-Jan-22,197,197,195,182.5,592.25K
04-Jan-22,197,197,197,177.3,122.83K
31-Dec-21,197,182,197,182,5.29M
30-Dec-21,182,182,182,182,1.34M
29-Dec-21,182,182.7,182,182,1.98M
24-Dec-21,182.7,182.7,182.7,173.2,76.27K
23-Dec-21,182.7,183.5,182.7,182.7,1.68M
22-Dec-21,183.5,186,183.5,183.5,1.74M
21-Dec-21,186,185.9,186,186,1.69M
20-Dec-21,185.9,187,185.9,185.9,1.92M
17-Dec-21,187,187,187,187,1.15M
16-Dec-21,187,187,187,186.5,3.27M
15-Dec-21,187,186.8,187.2,187,2.17M
14-Dec-21,186.8,186.8,186.8,186.8,1.22M
13-Dec-21,186.8,174.5,186.8,186.8,679.67K
10-Dec-21,174.5,174.5,182,174.5,172.02K
09-Dec-21,174.5,174.5,176,172.1,605.58K
08-Dec-21,174.5,167,174.5,174.5,826.31K
07-Dec-21,167,167,179,169,57.26K
06-Dec-21,167,167,175,167,696.61K
03-Dec-21,167,169.2,167,167,950.14K
02-Dec-21,169.2,171,169.2,169.2,3.70M
01-Dec-21,171,190,171,171,516.18K
30-Nov-21,190,190,175,171,349.13K
29-Nov-21,190,190,180,172,187.14K
26-Nov-21,190,190,180,173.1,588.31K
25-Nov-21,190,190,180,175,236.81K
24-Nov-21,190,190,185,177.8,469.63K
23-Nov-21,190,190,190,177.2,439.63K
22-Nov-21,190,190,190,190,1.86M
19-Nov-21,190,190,189.8,185,182.68K
18-Nov-21,190,190,189.9,187.2,200.21K
17-Nov-21,190,190,190,187.1,154.34K
16-Nov-21,190,190,190,188.8,473.94K
15-Nov-21,190,191,190,189,3.90M
12-Nov-21,191,200,191,191,1.76M
11-Nov-21,200,201,200,200,2.05M
10-Nov-21,201,200,209.9,201,7.13M
09-Nov-21,200,192.5,205,199.9,5.38M
08-Nov-21,192.5,175.6,193,190,4.02M
05-Nov-21,175.6,175.6,190,180,498.75K
04-Nov-21,175.6,175.6,193.1,180,497.67K
03-Nov-21,175.6,175.6,184.9,178.2,318.65K
02-Nov-21,175.6,175.6,181.8,178.5,1.23M
01-Nov-21,175.6,175.6,181.8,177,1.21M
29-Oct-21,175.6,175.6,180.5,176,827.35K
28-Oct-21,175.6,174,175.6,175.6,1.29M
27-Oct-21,174,174,176,174.1,549.42K
26-Oct-21,174,174,174.1,174,1.91M
25-Oct-21,174,174,174,174,859.77K
22-Oct-21,174,174,174,174,2.19M
21-Oct-21,174,172,174,172,2.67M
20-Oct-21,172,169.9,172,172,634.21K
18-Oct-21,169.9,174.9,169.9,169.9,1.51M
15-Oct-21,174.9,174.9,171.9,169.5,190.39K
14-Oct-21,174.9,174.9,171,165.1,160.65K
13-Oct-21,174.9,174.9,174,167,1.09M
12-Oct-21,174.9,174.9,173.7,167.1,189.81K
11-Oct-21,174.9,174.9,173.9,169,494.23K
08-Oct-21,174.9,174.9,174.9,172.1,639.93K
07-Oct-21,174.9,174.9,174.9,168,254.39K
06-Oct-21,174.9,174.9,174.4,172.2,674.60K
05-Oct-21,174.9,174.9,174.8,172.1,908.43K
04-Oct-21,174.9,174.9,190,172.5,325.89K
30-Sep-21,174.9,175,175,174.9,1.14M
29-Sep-21,175,175,175,174,380.20K
28-Sep-21,175,175,179,174.1,134.72K
27-Sep-21,175,175,175,175,2.66M
24-Sep-21,175,175,175,175,5.06M
23-Sep-21,175,175,175,175,463.45K
22-Sep-21,175,175,176,174.3,159.53K
21-Sep-21,175,175,175,175,832.22K
20-Sep-21,175,175,175,175,4.30M
17-Sep-21,175,175,175,175,1.35M
16-Sep-21,175,175,176,173.6,139.03K
15-Sep-21,175,172.5,175,174.5,5.79M
14-Sep-21,172.5,172.5,177,172.6,1.35M
13-Sep-21,172.5,172.5,178,172.5,723.62K
10-Sep-21,172.5,172.5,172.5,172.5,1.24M
09-Sep-21,172.5,172.5,172.5,172.5,1.60M
08-Sep-21,172.5,172.5,175.5,172,244.21K
07-Sep-21,172.5,172.5,176,172.5,61.07K
06-Sep-21,172.5,172.5,176,172.5,160.11K
03-Sep-21,172.5,172.5,172.5,172.5,1.99M
02-Sep-21,172.5,172.5,172.6,172,566.34K
01-Sep-21,172.5,172.5,175.5,171,602.84K
31-Aug-21,172.5,172.5,173,171.5,1.22M
30-Aug-21,172.5,172.5,176.5,171.8,1.03M
27-Aug-21,172.5,172,172.5,172.5,823.17K
26-Aug-21,172,172,175.5,172.5,2.88M
25-Aug-21,172,172,173,172.4,898.93K
24-Aug-21,172,172,172.8,172,418.95K
23-Aug-21,172,172,172,172,1.15M
20-Aug-21,172,172,172,172,3.35M
19-Aug-21,176.5,172.1,176.5,176.5,3.08M
18-Aug-21,172.1,172.1,177.4,176,456.68K
17-Aug-21,172.1,172.1,177.9,173.2,185.08K
16-Aug-21,172.1,172.1,176.6,172.3,1.69M
13-Aug-21,172.1,172.1,174,172.1,477.57K
12-Aug-21,172.1,172.1,175,172.1,617.01K
11-Aug-21,172.1,172.1,172.1,172.1,4.52M
10-Aug-21,172.1,168.1,172.1,172.1,2.85M
09-Aug-21,168.1,168,168.1,168.1,562.87K
06-Aug-21,168,168,170,168,561.35K
05-Aug-21,168,171,168,168,611.89K
04-Aug-21,171,171,169.7,166,122.58K
03-Aug-21,171,168,171,169,2.23M
02-Aug-21,168,165,168,166.6,916.38K
30-Jul-21,165,164.1,165,165,4.64M
29-Jul-21,164.1,163.5,164.1,164.1,500.77K
28-Jul-21,163.5,163.1,163.5,163.1,1.62M
27-Jul-21,163.1,165,163.1,163.1,1.35M
26-Jul-21,165,165,168,163,439.60K
23-Jul-21,165,165,165.5,163,489.29K
22-Jul-21,165,165,169.9,163.5,392.59K
19-Jul-21,165,165,168,164,271.21K
16-Jul-21,165,164,165,165,280.91K
15-Jul-21,164,164,164,164,887.10K
14-Jul-21,164,163,164,164,2.03M
13-Jul-21,163,163,165,161.4,450.52K
12-Jul-21,163,164,164.1,163,4.75M
09-Jul-21,164,164,165,162.9,944.62K
08-Jul-21,164,164,164,162.9,1.89M
07-Jul-21,164,164,163.5,162,329.51K
06-Jul-21,164,164,164,162.8,787.46K
05-Jul-21,164,164,164,163,33.95K
02-Jul-21,164,164,164.3,163.5,168.35K
01-Jul-21,164,164,165.5,163.5,616.20K
30-Jun-21,164,163,164,164,10.17M
29-Jun-21,163,163,165.9,163,556.06K
28-Jun-21,163,163,163,163,9.21M
25-Jun-21,163,165,164,163,922.51K
24-Jun-21,165,165,165,165,490.92K
23-Jun-21,165,165,165,163,318.34K
22-Jun-21,165,165,165,165,2.02M
21-Jun-21,165,165,165,162.6,401.07K
18-Jun-21,165,165,165,161,396.00K
17-Jun-21,165,165,167.9,163,315.23K
16-Jun-21,165,163,165,165,1.36M
15-Jun-21,163,162.7,163,162.6,2.34M
11-Jun-21,162.7,165,162.8,162.7,1.62M
10-Jun-21,165,165,165,164.3,139.03K
09-Jun-21,165,165,168,163,745.47K
08-Jun-21,165,165,168,163,60.03K
07-Jun-21,165,165,167,164,422.33K
04-Jun-21,165,164.9,165,165,869.11K
03-Jun-21,164.9,162.5,164.9,164.9,603.20K
02-Jun-21,162.5,162.5,167.9,162.5,109.64K
01-Jun-21,162.5,162.5,165,162.5,303.90K
31-May-21,162.5,160.9,162.5,162.5,403.00K
28-May-21,160.9,160.5,160.9,160.9,951.27K
27-May-21,160.5,160.5,163,160,110.93K
26-May-21,160.5,160.5,163,160,133.96K
25-May-21,160.5,160.5,162.8,160,302.20K
24-May-21,160.5,160,160.5,160.5,570.39K
21-May-21,160,160,160,160,299.35K
20-May-21,160,160,163,160,154.61K
19-May-21,160,160,163.1,160,191.69K
18-May-21,160,160,160,160,541.61K
17-May-21,160,161.7,160,160,1.96M
14-May-21,161.7,161.7,164.5,160.1,1.59M
11-May-21,161.7,162,161.7,161.7,577.26K
10-May-21,162,162,169,162,347.39K
07-May-21,162,162,165.9,160.2,160.10K
06-May-21,162,169.9,162,161,3.40M
